"Thiru",  T,  vellingiri,  Thiru@gmail.com
"Vellingiri",  V,  magali,  Vellingiri@gmail.com
"Sasi",  S,  arumugam,  Sasi@gmail.com
"Rani",  R,  subbu,  Rani@gmail.com
"varshika",  Var,  sasi,  Varshika@gmail.com
"jeevu",  J,  sasi,  Jeevu@gmail.com
"Mars",  M,  vellingiri, Mars@gmail.com
"Nm",  Nm,  maragadam,  Nm@gmail.com
"Friend",  F,  dummy,  Friend@gmail.com
"test1",  T,  1,  test1@gmail.com
"DEC",  D,  C,  DEC@gmail.com
